{"cameraMode":{"drawMode":0,"name":"Shaded","section":"Shading Mode"},"sceneLighting":true,"audioPlay":false,"sceneViewState":{"showFog":true,"showMaterialUpdate":true,"showSkybox":false,"showFlares":true,"showImageEffects":true,"showParticleSystems":true},"in2DMode":false,"pivot":{"x":0.41825413703918459,"y":0.15996205806732179,"z":0.08388686180114746},"rotation":{"x":-0.02742122672498226,"y":0.9627902507781982,"z":-0.2466704249382019,"w":-0.10701650381088257},"size":2.9643352031707765,"orthographic":false}