{"cameraMode":{"drawMode":0,"name":"Shaded","section":"Shading Mode"},"sceneLighting":true,"audioPlay":false,"sceneViewState":{"showFog":true,"showMaterialUpdate":true,"showSkybox":false,"showFlares":true,"showImageEffects":true,"showParticleSystems":true},"in2DMode":false,"pivot":{"x":0.06500005722045899,"y":0.5260000228881836,"z":0.17600005865097047},"rotation":{"x":-0.2983907163143158,"y":0.04207079857587814,"z":-0.013167194090783596,"w":-0.9534287452697754},"size":3.9009335041046144,"orthographic":false}