{"cameraMode":{"drawMode":0,"name":"Shaded","section":"Shading Mode"},"sceneLighting":true,"audioPlay":false,"sceneViewState":{"showFog":true,"showMaterialUpdate":true,"showSkybox":true,"showFlares":true,"showImageEffects":true,"showParticleSystems":true},"in2DMode":false,"pivot":{"x":-4.3970513343811039,"y":-2.0937843322753908,"z":4.52176570892334},"rotation":{"x":-0.21692515909671784,"y":0.5000908970832825,"z":-0.13101036846637727,"w":-0.8280735015869141},"size":5.462177276611328,"orthographic":false}